Actual,Predicted
expected,expected
expected,unexpected
expected,unexpected
expected,unexpected
expected,unexpected
expected,expected
unexpected,unexpected
unexpected,unexpected
unexpected,unexpected
unexpected,unexpected
unexpected,unexpected
unexpected,unexpected
unexpected,expected
unexpected,unexpected
unexpected,unexpected
unexpected,unexpected
unexpected,unexpected
unexpected,unexpected
unexpected,unexpected
unexpected,unexpected
unexpected,unexpected
unexpected,unexpected
unexpected,unexpected
unexpected,unexpected
unexpected,unexpected
unexpected,unexpected
unexpected,unexpected
unexpected,unexpected